asset_id,day,valuation
asset_1,1,245679.16
asset_1,2,245875.62
asset_1,3,246124.66
asset_1,4,247121.9
asset_1,5,246546.19
asset_1,6,244866.45
asset_1,7,247712.8
asset_1,8,246962.0
asset_1,9,247261.05
asset_1,10,248163.06
asset_1,11,248677.34
asset_1,12,251076.7
asset_1,13,250213.2
asset_1,14,249172.88
asset_1,15,247343.22
asset_1,16,246906.88
asset_1,17,250241.63
asset_1,18,253021.57
asset_1,19,250229.67
asset_1,20,250141.06
asset_1,21,251750.64
asset_1,22,247984.6
asset_1,23,250543.17
asset_1,24,252173.3
asset_1,25,252888.81
asset_1,26,251546.7
asset_1,27,252491.75
asset_1,28,252546.24
asset_1,29,253047.05
asset_1,30,252447.44
asset_1,31,253136.54
asset_1,32,253541.02
asset_1,33,254583.96
asset_1,34,254195.63
asset_1,35,254848.99
asset_1,36,253354.32
asset_1,37,253687.42
asset_1,38,256627.78
asset_1,39,253611.73
asset_1,40,257149.57
asset_1,41,255706.46
asset_1,42,256407.48
asset_1,43,255766.85
asset_1,44,254357.39
asset_1,45,254983.21
asset_1,46,255907.13
asset_1,47,255410.74
asset_1,48,256081.47
asset_1,49,259009.03
asset_1,50,259431.04
asset_1,51,259055.96
asset_1,52,257150.55
asset_1,53,258989.83
asset_1,54,254293.64
asset_1,55,260388.71
asset_1,56,260918.04
asset_1,57,258421.94
asset_1,58,258084.65
asset_1,59,259487.57
asset_1,60,259623.87
asset_1,61,259804.82
asset_1,62,260707.26
asset_1,63,260874.82
asset_1,64,261026.79
asset_1,65,261927.66
asset_1,66,260565.92
asset_1,67,261948.75
asset_1,68,262468.04
asset_1,69,261958.25
asset_1,70,263818.83
asset_1,71,263936.54
asset_1,72,267665.36
asset_1,73,264682.46
asset_1,74,262289.33
asset_1,75,262585.64
asset_1,76,262148.85
asset_1,77,266679.99
asset_1,78,263226.21
asset_1,79,264688.77
asset_1,80,266926.25
asset_1,81,263629.58
asset_1,82,264919.34
asset_1,83,261765.3
asset_1,84,263817.6
asset_1,85,265221.08
asset_1,86,267328.83
asset_1,87,268767.07
asset_1,88,267043.76
asset_1,89,267637.18
asset_1,90,267731.13
asset_1,91,268656.34
asset_1,92,268540.93
asset_1,93,268381.23
asset_1,94,268481.6
asset_1,95,268621.91
asset_1,96,268870.97
asset_1,97,268461.01
asset_1,98,269551.87
asset_1,99,267576.89
asset_1,100,270495.14
asset_2,1,252764.37
asset_2,2,250420.5
asset_2,3,247590.24
asset_2,4,243393.83
asset_2,5,248225.12
asset_2,6,258856.76
asset_2,7,254629.5
asset_2,8,253457.0
asset_2,9,230577.02
asset_2,10,252538.65
asset_2,11,250755.73
asset_2,12,244281.59
asset_2,13,244342.04
asset_2,14,246467.67
asset_2,15,248003.28
asset_2,16,246335.04
asset_2,17,246393.19
asset_2,18,240738.19
asset_2,19,247022.35
asset_2,20,246741.72
asset_2,21,243726.84
asset_2,22,252950.29
asset_2,23,242122.42
asset_2,24,252527.37
asset_2,25,236780.72
asset_2,26,242842.49
asset_2,27,229292.38
asset_2,28,240928.7
asset_2,29,237189.36
asset_2,30,244398.96
asset_2,31,241435.84
asset_2,32,241341.94
asset_2,33,244848.03
asset_2,34,234210.76
asset_2,35,245050.78
asset_2,36,243385.09
asset_2,37,249919.49
asset_2,38,244439.42
asset_2,39,239343.98
asset_2,40,234770.78
asset_2,41,229520.66
asset_2,42,239306.47
asset_2,43,236690.9
asset_2,44,246335.78
asset_2,45,235254.23
asset_2,46,237384.25
asset_2,47,236254.02
asset_2,48,236764.01
asset_2,49,235224.97
asset_2,50,232272.8
asset_2,51,227721.08
asset_2,52,235317.11
asset_2,53,242494.87
asset_2,54,231062.97
asset_2,55,230251.8
asset_2,56,230218.42
asset_2,57,238379.83
asset_2,58,226223.8
asset_2,59,232478.06
asset_2,60,229811.66
asset_2,61,228902.4
asset_2,62,231275.23
asset_2,63,231805.66
asset_2,64,235180.58
asset_2,65,231901.64
asset_2,66,229512.9
asset_2,67,231153.36
asset_2,68,239809.82
asset_2,69,230770.8
asset_2,70,233496.78
asset_2,71,238301.45
asset_2,72,225301.29
asset_2,73,217106.35
asset_2,74,230199.18
asset_2,75,229246.87
asset_2,76,225598.44
asset_2,77,229507.45
asset_2,78,227713.24
asset_2,79,227607.79
asset_2,80,225497.2
asset_2,81,227015.15
asset_2,82,233134.51
asset_2,83,223065.37
asset_2,84,225717.76
asset_2,85,230503.7
asset_2,86,220893.66
asset_2,87,220869.7
asset_2,88,228333.87
asset_2,89,221300.81
asset_2,90,217878.1
asset_2,91,226551.89
asset_2,92,221764.56
asset_2,93,222703.44
asset_2,94,221563.56
asset_2,95,220007.8
asset_2,96,223601.25
asset_2,97,220300.58
asset_2,98,220690.56
asset_2,99,232539.97
asset_2,100,220543.94
asset_3,1,270204.18
asset_3,2,269580.39
asset_3,3,270311.57
asset_3,4,269733.12
asset_3,5,269571.52
asset_3,6,270774.09
asset_3,7,270404.18
asset_3,8,271501.38
asset_3,9,266883.61
asset_3,10,276080.29
asset_3,11,271355.67
asset_3,12,276348.16
asset_3,13,269573.46
asset_3,14,273179.71
asset_3,15,281123.19
asset_3,16,270492.21
asset_3,17,269055.1
asset_3,18,271831.44
asset_3,19,274685.13
asset_3,20,275394.53
asset_3,21,276912.26
asset_3,22,273567.43
asset_3,23,271124.06
asset_3,24,273766.63
asset_3,25,276773.21
asset_3,26,275635.89
asset_3,27,272951.71
asset_3,28,275388.62
asset_3,29,276536.88
asset_3,30,276659.69
asset_3,31,276129.69
asset_3,32,276233.64
asset_3,33,277024.81
asset_3,34,277293.78
asset_3,35,276884.47
asset_3,36,276544.46
asset_3,37,276531.73
asset_3,38,278363.55
asset_3,39,279925.1
asset_3,40,279592.03
asset_3,41,280772.21
asset_3,42,276926.71
asset_3,43,284359.64
asset_3,44,279722.74
asset_3,45,277899.22
asset_3,46,275225.18
asset_3,47,279322.86
asset_3,48,277043.45
asset_3,49,281001.93
asset_3,50,282084.39
asset_3,51,282058.9
asset_3,52,276957.55
asset_3,53,278578.91
asset_3,54,280008.85
asset_3,55,274909.39
asset_3,56,281509.49
asset_3,57,280749.73
asset_3,58,281500.54
asset_3,59,282324.5
asset_3,60,280573.13
asset_3,61,281792.72
asset_3,62,283060.79
asset_3,63,282944.94
asset_3,64,283313.05
asset_3,65,283847.93
asset_3,66,282477.9
asset_3,67,281365.15
asset_3,68,281503.09
asset_3,69,284145.3
asset_3,70,284288.96
asset_3,71,285365.05
asset_3,72,283257.05
asset_3,73,282313.47
asset_3,74,280435.87
asset_3,75,286380.96
asset_3,76,286729.56
asset_3,77,288623.51
asset_3,78,288322.88
asset_3,79,285897.98
asset_3,80,290222.74
asset_3,81,286485.92
asset_3,82,285383.03
asset_3,83,286008.06
asset_3,84,286142.4
asset_3,85,283045.72
asset_3,86,288229.03
asset_3,87,288581.55
asset_3,88,287779.96
asset_3,89,287602.83
asset_3,90,289194.56
asset_3,91,290473.13
asset_3,92,289235.78
asset_3,93,289258.13
asset_3,94,289604.35
asset_3,95,289873.46
asset_3,96,290668.79
asset_3,97,290382.06
asset_3,98,290445.46
asset_3,99,288447.74
asset_3,100,289554.2
asset_4,1,228748.5
asset_4,2,228463.49
asset_4,3,229512.52
asset_4,4,228321.86
asset_4,5,229949.79
asset_4,6,230421.96
asset_4,7,229029.31
asset_4,8,233703.65
asset_4,9,231718.36
asset_4,10,227323.55
asset_4,11,232376.32
asset_4,12,230658.96
asset_4,13,231802.55
asset_4,14,233121.0
asset_4,15,233236.42
asset_4,16,227969.03
asset_4,17,230273.37
asset_4,18,234886.27
asset_4,19,236253.22
asset_4,20,237666.48
asset_4,21,237543.19
asset_4,22,230471.42
asset_4,23,235848.05
asset_4,24,231858.0
asset_4,25,237290.26
asset_4,26,235658.14
asset_4,27,234520.79
asset_4,28,237444.55
asset_4,29,236533.36
asset_4,30,235846.48
asset_4,31,236757.34
asset_4,32,237100.79
asset_4,33,237237.19
asset_4,34,237822.47
asset_4,35,236725.39
asset_4,36,239536.45
asset_4,37,237988.98
asset_4,38,236113.19
asset_4,39,240218.71
asset_4,40,238830.61
asset_4,41,239091.09
asset_4,42,241114.25
asset_4,43,238661.36
asset_4,44,240079.23
asset_4,45,242669.55
asset_4,46,236841.56
asset_4,47,239305.04
asset_4,48,241765.51
asset_4,49,243087.09
asset_4,50,243650.03
asset_4,51,239606.16
asset_4,52,242776.47
asset_4,53,241882.27
asset_4,54,243354.22
asset_4,55,242310.16
asset_4,56,243743.76
asset_4,57,242890.48
asset_4,58,244318.71
asset_4,59,243690.41
asset_4,60,244243.41
asset_4,61,244994.58
asset_4,62,245383.03
asset_4,63,245457.79
asset_4,64,245570.71
asset_4,65,245558.27
asset_4,66,246931.16
asset_4,67,246546.35
asset_4,68,248634.0
asset_4,69,250146.42
asset_4,70,247447.4
asset_4,71,245109.38
asset_4,72,247267.86
asset_4,73,248086.48
asset_4,74,245453.53
asset_4,75,248244.23
asset_4,76,249688.31
asset_4,77,248292.1
asset_4,78,247850.88
asset_4,79,248146.11
asset_4,80,254184.46
asset_4,81,250070.43
asset_4,82,248915.76
asset_4,83,250203.77
asset_4,84,253106.97
asset_4,85,250271.56
asset_4,86,252600.93
asset_4,87,253168.55
asset_4,88,253341.12
asset_4,89,254215.51
asset_4,90,252371.02
asset_4,91,253987.68
asset_4,92,253033.24
asset_4,93,253597.83
asset_4,94,254051.99
asset_4,95,254117.19
asset_4,96,254531.3
asset_4,97,255545.01
asset_4,98,254610.11
asset_4,99,256012.08
asset_4,100,256774.84
asset_5,1,316636.81
asset_5,2,318874.73
asset_5,3,306637.95
asset_5,4,320617.44
asset_5,5,319640.72
asset_5,6,313147.35
asset_5,7,328177.58
asset_5,8,324358.06
asset_5,9,312998.38
asset_5,10,312914.34
asset_5,11,324175.48
asset_5,12,309150.61
asset_5,13,317373.69
asset_5,14,317088.4
asset_5,15,319292.97
asset_5,16,319176.8
asset_5,17,319300.0
asset_5,18,314697.51
asset_5,19,318250.02
asset_5,20,321948.17
asset_5,21,329831.69
asset_5,22,313317.88
asset_5,23,314958.51
asset_5,24,306279.31
asset_5,25,326985.12
asset_5,26,320025.1
asset_5,27,320775.31
asset_5,28,320965.49
asset_5,29,320487.57
asset_5,30,325195.92
asset_5,31,320070.78
asset_5,32,321545.34
asset_5,33,324272.36
asset_5,34,331606.68
asset_5,35,319107.85
asset_5,36,320927.44
asset_5,37,321380.06
asset_5,38,339312.59
asset_5,39,305007.1
asset_5,40,326163.81
asset_5,41,308487.07
asset_5,42,300740.96
asset_5,43,307720.25
asset_5,44,314258.73
asset_5,45,326258.82
asset_5,46,320309.1
asset_5,47,322195.82
asset_5,48,324278.48
asset_5,49,320305.74
asset_5,50,328250.52
asset_5,51,313839.55
asset_5,52,330563.51
asset_5,53,329549.62
asset_5,54,321769.07
asset_5,55,322776.62
asset_5,56,309808.65
asset_5,57,322147.6
asset_5,58,332772.53
asset_5,59,327098.12
asset_5,60,326418.74
asset_5,61,321108.14
asset_5,62,323073.6
asset_5,63,323736.57
asset_5,64,325789.39
asset_5,65,321848.61
asset_5,66,323291.89
asset_5,67,325431.97
asset_5,68,336767.98
asset_5,69,323460.38
asset_5,70,321129.37
asset_5,71,314587.12
asset_5,72,330948.39
asset_5,73,319715.46
asset_5,74,327406.08
asset_5,75,313130.27
asset_5,76,329851.26
asset_5,77,321260.63
asset_5,78,324406.29
asset_5,79,324372.64
asset_5,80,329058.05
asset_5,81,325848.62
asset_5,82,325134.41
asset_5,83,333090.82
asset_5,84,314413.9
asset_5,85,312135.7
asset_5,86,344704.74
asset_5,87,339774.7
asset_5,88,318847.32
asset_5,89,337025.66
asset_5,90,329131.1
asset_5,91,325697.11
asset_5,92,323673.27
asset_5,93,327160.38
asset_5,94,326685.12
asset_5,95,325715.63
asset_5,96,331150.45
asset_5,97,324546.23
asset_5,98,329320.08
asset_5,99,323238.06
asset_5,100,328227.42
asset_6,1,499462.73
asset_6,2,500033.51
asset_6,3,499336.48
asset_6,4,503062.82
asset_6,5,505603.19
asset_6,6,503497.99
asset_6,7,505903.67
asset_6,8,507275.09
asset_6,9,508656.3
asset_6,10,506787.47
asset_6,11,507095.45
asset_6,12,511319.07
asset_6,13,507721.98
asset_6,14,502121.01
asset_6,15,508776.69
asset_6,16,496901.25
asset_6,17,509883.65
asset_6,18,513455.44
asset_6,19,520045.73
asset_6,20,512969.66
asset_6,21,519362.56
asset_6,22,513162.48
asset_6,23,506161.27
asset_6,24,503906.1
asset_6,25,507888.53
asset_6,26,505671.97
asset_6,27,521027.63
asset_6,28,515571.72
asset_6,29,521696.97
asset_6,30,518854.7
asset_6,31,525875.65
asset_6,32,526363.5
asset_6,33,516396.2
asset_6,34,519373.75
asset_6,35,518714.62
asset_6,36,514051.0
asset_6,37,526052.29
asset_6,38,528627.27
asset_6,39,524167.33
asset_6,40,523153.0
asset_6,41,528730.37
asset_6,42,520259.31
asset_6,43,527146.95
asset_6,44,527656.66
asset_6,45,527480.67
asset_6,46,529511.64
asset_6,47,529440.67
asset_6,48,530143.32
asset_6,49,530758.74
asset_6,50,531879.73
asset_6,51,532954.28
asset_6,52,535750.18
asset_6,53,529329.32
asset_6,54,530516.33
asset_6,55,531575.05
asset_6,56,539785.89
asset_6,57,526338.53
asset_6,58,526687.41
asset_6,59,536162.06
asset_6,60,542933.11
asset_6,61,543639.08
asset_6,62,536487.59
asset_6,63,545712.8
asset_6,64,540637.32
asset_6,65,533486.35
asset_6,66,552433.97
asset_6,67,527793.07
asset_6,68,531463.61
asset_6,69,552848.44
asset_6,70,554865.6
asset_6,71,547066.8
asset_6,72,553281.79
asset_6,73,548193.53
asset_6,74,565738.66
asset_6,75,549181.74
asset_6,76,535535.37
asset_6,77,556464.24
asset_6,78,551291.6
asset_6,79,559613.28
asset_6,80,546898.74
asset_6,81,552734.97
asset_6,82,541496.35
asset_6,83,551674.17
asset_6,84,555135.86
asset_6,85,551645.24
asset_6,86,556654.44
asset_6,87,559979.92
asset_6,88,555057.74
asset_6,89,557069.04
asset_6,90,556921.3
asset_6,91,557314.02
asset_6,92,559136.34
asset_6,93,558952.63
asset_6,94,559648.54
asset_6,95,560096.34
asset_6,96,562675.84
asset_6,97,561477.52
asset_6,98,561037.42
asset_6,99,568765.02
asset_6,100,564188.79
asset_7,1,270081.19
asset_7,2,270392.75
asset_7,3,268859.25
asset_7,4,270566.88
asset_7,5,270003.95
asset_7,6,268883.54
asset_7,7,268092.02
asset_7,8,271607.92
asset_7,9,272898.63
asset_7,10,272781.07
asset_7,11,271403.29
asset_7,12,270374.75
asset_7,13,270060.41
asset_7,14,271391.1
asset_7,15,270331.04
asset_7,16,272802.84
asset_7,17,273531.73
asset_7,18,271484.14
asset_7,19,273486.21
asset_7,20,272457.46
asset_7,21,274552.58
asset_7,22,275910.28
asset_7,23,275405.96
asset_7,24,276149.95
asset_7,25,272868.87
asset_7,26,275249.54
asset_7,27,276336.83
asset_7,28,276839.42
asset_7,29,275472.93
asset_7,30,276806.22
asset_7,31,277123.39
asset_7,32,277258.83
asset_7,33,277513.54
asset_7,34,277405.59
asset_7,35,277724.72
asset_7,36,277396.35
asset_7,37,278339.96
asset_7,38,278434.44
asset_7,39,280378.52
asset_7,40,279518.5
asset_7,41,276650.29
asset_7,42,280135.49
asset_7,43,280314.64
asset_7,44,281401.37
asset_7,45,278309.97
asset_7,46,282914.63
asset_7,47,278415.24
asset_7,48,283626.28
asset_7,49,284154.01
asset_7,50,281064.0
asset_7,51,281513.9
asset_7,52,281372.82
asset_7,53,279940.76
asset_7,54,283425.21
asset_7,55,281966.54
asset_7,56,284598.95
asset_7,57,281425.29
asset_7,58,282744.52
asset_7,59,283238.32
asset_7,60,283879.92
asset_7,61,284649.53
asset_7,62,284579.72
asset_7,63,284771.68
asset_7,64,284985.45
asset_7,65,285305.73
asset_7,66,284334.94
asset_7,67,285916.61
asset_7,68,285040.27
asset_7,69,284515.47
asset_7,70,286172.76
asset_7,71,283042.3
asset_7,72,288425.69
asset_7,73,289126.71
asset_7,74,287287.29
asset_7,75,285147.31
asset_7,76,285435.99
asset_7,77,287741.86
asset_7,78,281865.07
asset_7,79,289115.13
asset_7,80,290643.23
asset_7,81,288299.21
asset_7,82,288103.58
asset_7,83,290041.79
asset_7,84,290649.43
asset_7,85,292438.72
asset_7,86,290363.38
asset_7,87,289337.25
asset_7,88,290084.99
asset_7,89,291300.19
asset_7,90,293025.29
asset_7,91,291264.2
asset_7,92,291149.95
asset_7,93,291732.83
asset_7,94,292127.21
asset_7,95,292442.9
asset_7,96,293391.7
asset_7,97,293898.05
asset_7,98,295188.67
asset_7,99,294858.17
asset_7,100,292889.02
asset_8,1,532147.69
asset_8,2,531733.42
asset_8,3,534617.49
asset_8,4,534362.19
asset_8,5,536953.37
asset_8,6,538871.41
asset_8,7,537284.06
asset_8,8,532793.41
asset_8,9,538246.53
asset_8,10,542018.44
asset_8,11,537179.77
asset_8,12,532808.98
asset_8,13,548491.74
asset_8,14,539865.76
asset_8,15,540525.63
asset_8,16,544130.59
asset_8,17,552214.17
asset_8,18,547470.01
asset_8,19,543716.27
asset_8,20,552290.46
asset_8,21,564630.88
asset_8,22,559505.3
asset_8,23,554600.37
asset_8,24,541024.9
asset_8,25,580533.04
asset_8,26,542027.45
asset_8,27,549323.44
asset_8,28,547614.88
asset_8,29,565844.27
asset_8,30,557498.12
asset_8,31,545174.48
asset_8,32,557744.72
asset_8,33,560212.21
asset_8,34,555477.01
asset_8,35,551130.81
asset_8,36,555009.03
asset_8,37,557484.15
asset_8,38,560511.4
asset_8,39,559013.5
asset_8,40,564580.95
asset_8,41,559632.39
asset_8,42,558758.26
asset_8,43,562530.31
asset_8,44,567103.34
asset_8,45,564976.73
asset_8,46,567765.79
asset_8,47,567144.58
asset_8,48,568399.64
asset_8,49,569432.74
asset_8,50,568976.83
asset_8,51,572493.86
asset_8,52,564783.79
asset_8,53,574601.38
asset_8,54,569921.68
asset_8,55,567229.8
asset_8,56,574302.81
asset_8,57,579424.91
asset_8,58,576751.93
asset_8,59,573994.27
asset_8,60,571506.49
asset_8,61,577179.8
asset_8,62,587640.26
asset_8,63,578736.79
asset_8,64,584625.49
asset_8,65,596709.64
asset_8,66,586564.16
asset_8,67,593100.66
asset_8,68,578146.83
asset_8,69,568081.41
asset_8,70,569425.66
asset_8,71,589564.8
asset_8,72,589451.88
asset_8,73,581048.4
asset_8,74,578960.82
asset_8,75,591175.38
asset_8,76,589783.19
asset_8,77,573383.47
asset_8,78,590962.99
asset_8,79,594243.9
asset_8,80,590916.77
asset_8,81,588864.64
asset_8,82,599127.61
asset_8,83,595281.24
asset_8,84,600551.62
asset_8,85,596704.06
asset_8,86,588336.52
asset_8,87,594159.31
asset_8,88,597953.56
asset_8,89,600952.4
asset_8,90,599839.09
asset_8,91,598087.88
asset_8,92,601303.77
asset_8,93,600417.53
asset_8,94,602305.46
asset_8,95,602753.26
asset_8,96,605235.42
asset_8,97,601435.26
asset_8,98,607452.19
asset_8,99,601245.49
asset_8,100,606325.0
asset_9,1,347600.94
asset_9,2,351137.34
asset_9,3,329008.08
asset_9,4,333068.39
asset_9,5,342288.34
asset_9,6,347447.74
asset_9,7,337721.52
asset_9,8,344434.72
asset_9,9,334502.01
asset_9,10,342581.57
asset_9,11,339068.24
asset_9,12,347765.66
asset_9,13,349000.44
asset_9,14,350709.34
asset_9,15,344554.54
asset_9,16,345541.8
asset_9,17,345046.44
asset_9,18,346362.83
asset_9,19,345157.97
asset_9,20,356999.19
asset_9,21,341093.62
asset_9,22,353399.19
asset_9,23,354060.91
asset_9,24,360478.16
asset_9,25,332153.91
asset_9,26,344904.64
asset_9,27,334155.95
asset_9,28,341463.87
asset_9,29,351350.29
asset_9,30,346073.46
asset_9,31,342079.22
asset_9,32,341630.85
asset_9,33,338841.12
asset_9,34,341289.05
asset_9,35,340826.4
asset_9,36,333479.18
asset_9,37,338631.31
asset_9,38,336681.42
asset_9,39,314333.98
asset_9,40,346364.29
asset_9,41,333024.53
asset_9,42,352464.88
asset_9,43,331826.65
asset_9,44,330824.51
asset_9,45,345411.73
asset_9,46,336436.15
asset_9,47,339787.26
asset_9,48,338690.26
asset_9,49,340865.46
asset_9,50,348835.65
asset_9,51,337881.17
asset_9,52,340761.62
asset_9,53,326534.38
asset_9,54,332702.78
asset_9,55,306854.68
asset_9,56,355217.05
asset_9,57,338419.32
asset_9,58,347203.56
asset_9,59,329499.02
asset_9,60,333083.46
asset_9,61,334693.83
asset_9,62,338685.33
asset_9,63,336905.14
asset_9,64,332085.21
asset_9,65,344320.34
asset_9,66,339787.24
asset_9,67,334453.45
asset_9,68,344672.98
asset_9,69,343523.4
asset_9,70,346038.32
asset_9,71,318851.53
asset_9,72,328400.95
asset_9,73,337252.59
asset_9,74,338178.08
asset_9,75,341579.17
asset_9,76,329780.13
asset_9,77,335132.59
asset_9,78,337037.67
asset_9,79,333717.59
asset_9,80,331590.02
asset_9,81,334128.28
asset_9,82,328743.79
asset_9,83,319020.66
asset_9,84,332522.87
asset_9,85,321047.59
asset_9,86,342274.89
asset_9,87,326871.47
asset_9,88,323854.61
asset_9,89,339452.01
asset_9,90,323854.09
asset_9,91,336558.39
asset_9,92,335773.54
asset_9,93,331947.89
asset_9,94,330771.23
asset_9,95,332080.6
asset_9,96,334777.95
asset_9,97,327250.82
asset_9,98,331626.45
asset_9,99,320902.04
asset_9,100,325280.97
asset_10,1,299533.25
asset_10,2,299589.9
asset_10,3,301223.73
asset_10,4,300034.75
asset_10,5,300315.56
asset_10,6,303083.18
asset_10,7,300007.77
asset_10,8,298326.56
asset_10,9,304961.98
asset_10,10,303285.44
asset_10,11,296803.61
asset_10,12,303025.28
asset_10,13,302066.91
asset_10,14,308699.29
asset_10,15,301713.86
asset_10,16,302481.11
asset_10,17,301846.46
asset_10,18,301805.57
asset_10,19,303221.45
asset_10,20,301628.61
asset_10,21,303199.74
asset_10,22,302306.53
asset_10,23,303180.64
asset_10,24,303697.91
asset_10,25,306243.82
asset_10,26,306451.47
asset_10,27,306266.93
asset_10,28,308641.78
asset_10,29,308457.28
asset_10,30,308638.27
asset_10,31,309091.69
asset_10,32,309200.24
asset_10,33,309693.97
asset_10,34,309772.75
asset_10,35,313176.71
asset_10,36,311658.47
asset_10,37,314561.28
asset_10,38,312230.92
asset_10,39,311012.6
asset_10,40,313634.62
asset_10,41,311169.21
asset_10,42,315431.62
asset_10,43,311518.49
asset_10,44,317844.23
asset_10,45,314518.02
asset_10,46,312835.01
asset_10,47,312808.93
asset_10,48,315118.82
asset_10,49,309371.56
asset_10,50,316585.56
asset_10,51,316974.63
asset_10,52,323343.45
asset_10,53,311982.78
asset_10,54,317565.39
asset_10,55,319522.29
asset_10,56,314877.81
asset_10,57,315665.46
asset_10,58,317877.87
asset_10,59,319961.02
asset_10,60,318336.05
asset_10,61,319353.28
asset_10,62,319634.55
asset_10,63,319725.03
asset_10,64,319258.37
asset_10,65,320695.03
asset_10,66,321086.96
asset_10,67,323470.36
asset_10,68,321797.17
asset_10,69,318086.09
asset_10,70,320332.31
asset_10,71,322444.31
asset_10,72,323475.89
asset_10,73,325454.74
asset_10,74,318024.81
asset_10,75,322693.54
asset_10,76,326754.07
asset_10,77,328837.65
asset_10,78,330160.86
asset_10,79,323768.84
asset_10,80,328509.47
asset_10,81,330555.06
asset_10,82,329290.15
asset_10,83,328201.43
asset_10,84,328693.35
asset_10,85,325021.75
asset_10,86,324058.68
asset_10,87,329512.98
asset_10,88,327286.95
asset_10,89,328180.56
asset_10,90,327838.53
asset_10,91,328505.58
asset_10,92,329364.34
asset_10,93,329157.9
asset_10,94,329872.02
asset_10,95,330140.52
asset_10,96,330564.96
asset_10,97,331457.65
asset_10,98,330320.52
asset_10,99,328949.76
asset_10,100,332817.9
asset_11,1,265992.98
asset_11,2,266397.94
asset_11,3,251368.79
asset_11,4,258525.37
asset_11,5,258216.02
asset_11,6,267844.55
asset_11,7,263140.92
asset_11,8,265032.62
asset_11,9,265789.8
asset_11,10,253992.78
asset_11,11,255292.26
asset_11,12,253130.96
asset_11,13,258591.0
asset_11,14,258574.15
asset_11,15,258685.68
asset_11,16,258434.16
asset_11,17,255862.89
asset_11,18,254084.35
asset_11,19,249400.44
asset_11,20,252240.02
asset_11,21,254831.3
asset_11,22,250640.97
asset_11,23,250513.84
asset_11,24,260075.24
asset_11,25,244718.41
asset_11,26,242086.06
asset_11,27,241614.13
asset_11,28,253160.94
asset_11,29,251745.48
asset_11,30,251621.08
asset_11,31,252149.03
asset_11,32,252323.3
asset_11,33,251054.52
asset_11,34,250197.73
asset_11,35,259728.65
asset_11,36,251201.14
asset_11,37,250245.12
asset_11,38,256143.56
asset_11,39,250164.93
asset_11,40,250866.27
asset_11,41,247706.31
asset_11,42,239509.84
asset_11,43,247206.91
asset_11,44,241715.17
asset_11,45,247281.11
asset_11,46,244108.28
asset_11,47,245980.88
asset_11,48,244367.85
asset_11,49,244192.05
asset_11,50,245042.87
asset_11,51,241902.59
asset_11,52,256722.32
asset_11,53,251450.16
asset_11,54,244181.49
asset_11,55,239888.34
asset_11,56,242847.46
asset_11,57,249160.99
asset_11,58,240566.27
asset_11,59,243536.95
asset_11,60,245192.85
asset_11,61,239310.95
asset_11,62,240126.58
asset_11,63,239773.19
asset_11,64,240279.72
asset_11,65,241109.6
asset_11,66,239774.95
asset_11,67,232903.11
asset_11,68,231093.47
asset_11,69,226060.02
asset_11,70,259302.98
asset_11,71,227734.03
asset_11,72,234276.55
asset_11,73,232929.1
asset_11,74,233332.88
asset_11,75,231680.97
asset_11,76,227087.9
asset_11,77,231500.33
asset_11,78,232315.25
asset_11,79,233199.82
asset_11,80,234273.45
asset_11,81,234889.52
asset_11,82,230824.54
asset_11,83,235119.37
asset_11,84,224560.85
asset_11,85,233672.81
asset_11,86,228550.02
asset_11,87,240370.88
asset_11,88,224592.79
asset_11,89,231928.3
asset_11,90,226308.75
asset_11,91,226763.92
asset_11,92,228548.68
asset_11,93,227128.03
asset_11,94,227308.81
asset_11,95,228361.29
asset_11,96,228908.72
asset_11,97,227969.58
asset_11,98,219185.89
asset_11,99,218077.9
asset_11,100,219969.26
asset_12,1,580183.65
asset_12,2,581538.94
asset_12,3,580168.06
asset_12,4,585109.06
asset_12,5,583118.01
asset_12,6,576988.5
asset_12,7,582639.58
asset_12,8,573767.11
asset_12,9,582199.58
asset_12,10,583633.24
asset_12,11,583728.76
asset_12,12,585948.06
asset_12,13,586060.64
asset_12,14,585219.4
asset_12,15,601055.8
asset_12,16,600007.73
asset_12,17,582461.67
asset_12,18,602311.07
asset_12,19,579395.6
asset_12,20,586657.27
asset_12,21,607304.44
asset_12,22,575566.02
asset_12,23,600621.73
asset_12,24,585429.55
asset_12,25,595772.65
asset_12,26,596168.34
asset_12,27,612780.36
asset_12,28,592364.05
asset_12,29,599240.08
asset_12,30,605453.8
asset_12,31,599266.83
asset_12,32,595841.75
asset_12,33,602167.21
asset_12,34,603902.9
asset_12,35,609532.37
asset_12,36,599131.68
asset_12,37,602925.61
asset_12,38,607665.62
asset_12,39,606007.44
asset_12,40,606715.62
asset_12,41,608089.1
asset_12,42,606816.69
asset_12,43,607651.37
asset_12,44,611026.74
asset_12,45,609586.38
asset_12,46,612384.04
asset_12,47,612336.74
asset_12,48,613664.57
asset_12,49,613405.27
asset_12,50,614130.64
asset_12,51,613409.99
asset_12,52,612580.99
asset_12,53,617710.8
asset_12,54,619913.12
asset_12,55,620526.65
asset_12,56,623339.24
asset_12,57,623247.59
asset_12,58,618331.78
asset_12,59,620573.36
asset_12,60,624596.48
asset_12,61,627185.33
asset_12,62,620222.88
asset_12,63,627251.08
asset_12,64,632305.61
asset_12,65,626066.26
asset_12,66,627725.03
asset_12,67,635256.22
asset_12,68,619850.95
asset_12,69,620314.16
asset_12,70,627963.74
asset_12,71,627875.4
asset_12,72,625142.96
asset_12,73,630671.25
asset_12,74,623540.23
asset_12,75,617990.03
asset_12,76,631835.88
asset_12,77,629694.2
asset_12,78,627174.25
asset_12,79,637077.98
asset_12,80,643253.23
asset_12,81,629882.83
asset_12,82,646605.63
asset_12,83,626761.34
asset_12,84,633279.32
asset_12,85,637808.71
asset_12,86,639215.67
asset_12,87,633068.83
asset_12,88,644167.37
asset_12,89,644991.98
asset_12,90,643683.13
asset_12,91,643414.59
asset_12,92,644927.56
asset_12,93,644205.56
asset_12,94,644992.74
asset_12,95,645353.12
asset_12,96,648027.8
asset_12,97,644890.64
asset_12,98,645046.61
asset_12,99,649508.83
asset_12,100,648510.65
asset_13,1,268769.32
asset_13,2,268595.74
asset_13,3,268374.58
asset_13,4,268787.86
asset_13,5,268851.35
asset_13,6,270794.93
asset_13,7,269437.87
asset_13,8,272002.1
asset_13,9,272040.85
asset_13,10,273422.99
asset_13,11,273495.71
asset_13,12,273571.72
asset_13,13,273868.96
asset_13,14,270779.88
asset_13,15,271713.73
asset_13,16,267773.46
asset_13,17,273728.11
asset_13,18,271458.98
asset_13,19,274508.22
asset_13,20,275044.08
asset_13,21,270892.69
asset_13,22,272093.61
asset_13,23,273862.77
asset_13,24,273891.99
asset_13,25,275367.0
asset_13,26,273768.53
asset_13,27,275689.62
asset_13,28,274385.82
asset_13,29,274788.44
asset_13,30,276712.11
asset_13,31,276563.39
asset_13,32,277065.17
asset_13,33,277845.91
asset_13,34,278480.49
asset_13,35,278158.12
asset_13,36,278538.1
asset_13,37,276922.13
asset_13,38,277849.61
asset_13,39,279338.17
asset_13,40,277585.57
asset_13,41,276940.81
asset_13,42,278699.22
asset_13,43,280928.81
asset_13,44,277596.61
asset_13,45,275826.64
asset_13,46,278973.28
asset_13,47,276251.35
asset_13,48,278794.32
asset_13,49,279301.8
asset_13,50,284614.21
asset_13,51,284843.77
asset_13,52,282462.56
asset_13,53,286342.71
asset_13,54,284111.8
asset_13,55,281508.01
asset_13,56,284545.72
asset_13,57,282899.13
asset_13,58,285640.49
asset_13,59,284719.29
asset_13,60,283724.84
asset_13,61,284658.79
asset_13,62,284964.38
asset_13,63,285374.44
asset_13,64,285971.54
asset_13,65,285328.02
asset_13,66,287204.63
asset_13,67,285702.56
asset_13,68,286616.13
asset_13,69,286931.46
asset_13,70,289068.3
asset_13,71,285235.24
asset_13,72,288675.52
asset_13,73,289177.45
asset_13,74,290207.18
asset_13,75,287988.53
asset_13,76,291393.22
asset_13,77,287167.84
asset_13,78,292397.44
asset_13,79,290536.1
asset_13,80,286142.44
asset_13,81,291190.36
asset_13,82,290849.61
asset_13,83,289804.13
asset_13,84,289244.97
asset_13,85,290687.32
asset_13,86,288627.9
asset_13,87,294747.2
asset_13,88,290236.0
asset_13,89,291386.4
asset_13,90,293810.36
asset_13,91,293313.43
asset_13,92,293511.65
asset_13,93,293855.79
asset_13,94,293596.81
asset_13,95,294097.03
asset_13,96,293759.33
asset_13,97,293841.95
asset_13,98,295012.65
asset_13,99,296513.61
asset_13,100,293418.63
asset_14,1,285959.62
asset_14,2,285244.69
asset_14,3,286910.57
asset_14,4,284878.38
asset_14,5,286048.51
asset_14,6,285126.46
asset_14,7,285992.78
asset_14,8,285687.56
asset_14,9,286251.15
asset_14,10,289591.92
asset_14,11,288829.72
asset_14,12,289981.87
asset_14,13,291542.59
asset_14,14,287716.52
asset_14,15,289221.39
asset_14,16,290758.39
asset_14,17,294283.97
asset_14,18,292179.49
asset_14,19,293641.01
asset_14,20,292781.97
asset_14,21,292970.73
asset_14,22,286472.53
asset_14,23,292697.21
asset_14,24,291460.6
asset_14,25,291370.99
asset_14,26,290730.62
asset_14,27,291216.22
asset_14,28,292361.83
asset_14,29,292766.04
asset_14,30,291817.01
asset_14,31,292674.96
asset_14,32,292970.98
asset_14,33,293534.28
asset_14,34,293047.91
asset_14,35,293892.16
asset_14,36,294624.15
asset_14,37,295183.56
asset_14,38,293756.73
asset_14,39,294496.41
asset_14,40,297064.37
asset_14,41,296898.78
asset_14,42,295616.3
asset_14,43,294330.53
asset_14,44,298471.52
asset_14,45,294484.86
asset_14,46,298414.1
asset_14,47,288515.38
asset_14,48,299209.66
asset_14,49,298977.97
asset_14,50,296458.43
asset_14,51,299603.87
asset_14,52,295358.59
asset_14,53,293393.65
asset_14,54,298758.88
asset_14,55,297783.85
asset_14,56,299293.76
asset_14,57,298588.9
asset_14,58,296917.75
asset_14,59,298091.0
asset_14,60,299995.71
asset_14,61,298698.5
asset_14,62,299455.39
asset_14,63,299982.93
asset_14,64,299968.63
asset_14,65,300456.85
asset_14,66,299937.24
asset_14,67,301414.0
asset_14,68,300655.3
asset_14,69,297638.51
asset_14,70,303296.44
asset_14,71,302185.75
asset_14,72,304459.99
asset_14,73,301913.39
asset_14,74,302956.25
asset_14,75,305688.55
asset_14,76,304001.37
asset_14,77,303970.63
asset_14,78,312552.25
asset_14,79,303132.74
asset_14,80,304321.29
asset_14,81,308874.46
asset_14,82,302137.61
asset_14,83,301846.72
asset_14,84,301262.21
asset_14,85,306202.42
asset_14,86,306526.08
asset_14,87,306846.26
asset_14,88,303410.02
asset_14,89,307338.5
asset_14,90,307536.86
asset_14,91,306267.6
asset_14,92,306605.46
asset_14,93,307053.29
asset_14,94,307067.61
asset_14,95,307132.32
asset_14,96,308039.22
asset_14,97,307862.52
asset_14,98,309224.36
asset_14,99,307359.1
asset_14,100,307588.64
asset_15,1,212710.15
asset_15,2,213403.76
asset_15,3,206878.61
asset_15,4,216257.14
asset_15,5,209641.39
asset_15,6,212752.19
asset_15,7,218836.87
asset_15,8,206810.65
asset_15,9,218922.81
asset_15,10,212022.9
asset_15,11,211277.19
asset_15,12,213361.22
asset_15,13,206682.85
asset_15,14,211892.1
asset_15,15,210505.4
asset_15,16,209892.97
asset_15,17,210463.15
asset_15,18,210966.1
asset_15,19,208323.07
asset_15,20,209885.01
asset_15,21,215965.95
asset_15,22,210436.53
asset_15,23,201037.41
asset_15,24,209508.95
asset_15,25,214079.8
asset_15,26,204533.7
asset_15,27,217557.57
asset_15,28,216787.63
asset_15,29,208076.58
asset_15,30,207570.81
asset_15,31,207606.43
asset_15,32,206888.13
asset_15,33,207083.03
asset_15,34,202795.77
asset_15,35,207963.61
asset_15,36,198679.05
asset_15,37,205843.94
asset_15,38,208148.53
asset_15,39,195151.41
asset_15,40,202886.45
asset_15,41,210757.3
asset_15,42,214307.98
asset_15,43,198620.61
asset_15,44,206778.71
asset_15,45,202082.9
asset_15,46,203251.32
asset_15,47,205249.66
asset_15,48,204082.23
asset_15,49,206539.48
asset_15,50,203724.33
asset_15,51,201444.36
asset_15,52,203185.92
asset_15,53,190723.01
asset_15,54,200006.9
asset_15,55,222759.24
asset_15,56,205279.15
asset_15,57,207620.07
asset_15,58,204195.93
asset_15,59,202892.44
asset_15,60,205014.35
asset_15,61,205094.85
asset_15,62,200998.09
asset_15,63,202398.84
asset_15,64,201107.81
asset_15,65,203754.51
asset_15,66,204313.8
asset_15,67,207584.68
asset_15,68,195624.59
asset_15,69,205951.06
asset_15,70,197230.27
asset_15,71,208273.64
asset_15,72,199549.3
asset_15,73,187576.7
asset_15,74,200574.13
asset_15,75,192811.63
asset_15,76,199380.3
asset_15,77,199772.11
asset_15,78,199438.1
asset_15,79,200417.29
asset_15,80,201426.28
asset_15,81,201752.91
asset_15,82,200044.5
asset_15,83,192453.65
asset_15,84,194670.27
asset_15,85,201422.52
asset_15,86,190236.11
asset_15,87,206858.78
asset_15,88,193856.9
asset_15,89,198811.05
asset_15,90,196535.46
asset_15,91,195031.51
asset_15,92,199215.91
asset_15,93,195893.96
asset_15,94,196990.9
asset_15,95,199127.43
asset_15,96,195979.64
asset_15,97,200718.93
asset_15,98,199126.27
asset_15,99,190031.03
asset_15,100,203903.23
